Workbook

Sheet Display
C1: 1 | G1: =A1 -> 0 | I1: {=1 / (1 + EXP(-(MMULT(Pesi!A1:Y5, G1:G25) + Pesi!AA1:AA5)))} -> 0.99999628 | K1: {=1 / (1 + EXP(-(MMULT(Pesi!A10:E11, I1:I5) + Pesi!AB10:AB11)))} -> 9.4699225e-07
B2: 1 | C2: 1 | G2: =B1 -> 0 | I2: 1.4034451e-08 | K2: 0.99994231
C3: 1 | G3: =C1 -> 1 | I3: 0.99999868
C4: 1 | G4: =D1 -> 0 | I4: 0.0046882467
B5: 1 | C5: 1 | D5: 1 | G5: =E1 -> 0 | I5: 3.0603136e-06
G6: =A2 -> 0
G7: =B2 -> 1
G8: =C2 -> 1
G9: =D2 -> 0
G10: =E2 -> 0
G11: =A3 -> 0
G12: =B3 -> 0
G13: =C3 -> 1
G14: =D3 -> 0
G15: =E3 -> 0
G16: =A4 -> 0
G17: =B4 -> 0
G18: =C4 -> 1
G19: =D4 -> 0
G20: =E4 -> 0
G21: =A5 -> 0
G22: =B5 -> 1
G23: =C5 -> 1
G24: =D5 -> 1
G25: =E5 -> 0

Sheet Pesi
A1: 0.078692819 | B1: 0.042619054 | C1: -0.14788499 | D1: -0.022960572 | E1: -0.067992792 | F1: -0.013566387 | G1: -0.1435994 | H1: 2.6646236 | I1: -2.7481468 | J1: 0.055792834 | K1: 0.047974351 | L1: -2.6728678 | M1: 2.5223285 | N1: -2.5929318 | O1: -0.027713173 | P1: 0.057089969 | Q1: -2.6391602 | R1: 2.5506347 | S1: -2.6380392 | T1: 0.0821595 | U1: 0.005315637 | V1: 2.5777506 | W1: -0.033217402 | X1: 2.6611678 | Y1: 0.064058761 | AA1: -0.14990464
A2: 0.025649604 | B2: 0.064904537 | C2: -0.37230522 | D2: 0.0094950307 | E2: 0.077534222 | F2: 0.058260944 | G2: -0.51865111 | H2: -3.2838542 | I2: 2.9560259 | J2: -0.099187786 | K2: 0.010204947 | L2: 2.874539 | M2: -3.3189254 | N2: 2.918721 | O2: -0.057458127 | P2: -0.024156442 | Q2: 2.9530914 | R2: -3.2752973 | S2: 2.9326458 | T2: -0.053144596 | U2: 0.06620142 | V2: -3.3419519 | W2: -0.35565219 | X2: -3.2666656 | Y2: -0.068264653 | AA2: -0.34844775
A3: -0.090566004 | B3: 0.043473957 | C3: -0.19414292 | D3: 0.040143111 | E3: -0.0072095531 | F3: -0.056128875 | G3: -0.059434814 | H3: 2.6942445 | I3: -2.9084102 | J3: -0.025070294 | K3: -0.07118543 | L3: -3.0017057 | M3: 2.8206733 | N3: -2.8971082 | O3: 0.056664042 | P3: -0.074613225 | Q3: -2.9292724 | R3: 2.8357391 | S3: -2.9427804 | T3: 0.066662869 | U3: 0.066708435 | V3: 2.8327262 | W3: -0.18214754 | X3: 2.814247 | Y3: 0.055668073 | AA3: -0.026164625
A4: 0.07197797 | B4: -0.097206151 | C4: -0.13664665 | D4: 0.018068623 | E4: -0.023504755 | F4: 0.023400665 | G4: -0.17668721 | H4: -1.000514 | I4: 0.68994634 | J4: -0.034716808 | K4: -0.040808857 | L4: 0.797272 | M4: -0.82052058 | N4: 0.80601608 | O4: -0.033232695 | P4: 0.041700657 | Q4: 0.87336417 | R4: -1.0112318 | S4: 0.79363787 | T4: -0.084064616 | U4: 0.05815075 | V4: -0.96010486 | W4: -0.18895136 | X4: -0.85745564 | Y4: -0.082803314 | AA4: -0.20588526
A5: -0.019982079 | B5: 0.08106526 | C5: -0.15208395 | D5: 0.025668044 | E5: -0.098472548 | F5: -0.05662302 | G5: -0.011931383 | H5: -2.4512629 | I5: 2.5191366 | J5: -0.0031485666 | K5: 0.031661212 | L5: 2.3961966 | M5: -2.4657874 | N5: 2.4905994 | O5: -0.015376137 | P5: -0.063709999 | Q5: 2.4212702 | R5: -2.5125154 | S5: 2.4917628 | T5: -0.049090647 | U5: -0.042812264 | V5: -2.5628727 | W5: -0.0032640116 | X5: -2.4774576 | Y5: 0.071550121 | AA5: -0.059814878
A10: -2.8990503 | B10: 10 | C10: -8.8074911 | D10: 2.6306341 | E10: 0.75151202 | AB10: -2.1757905 | AD10: ERRORE TOT
A11: 1.4948807 | B11: -10 | C11: 7.6440786 | D11: -3.0978681 | E11: -0.62178025 | AB11: 0.63602116 | AD11: =Allenamento!AK2 -> 3.5586145e-09

Sheet Allenamento
A1: P1 | B1: P2 | C1: P3 | D1: P4 | E1: P5 | F1: P6 | G1: P7 | H1: P8 | I1: P9 | J1: P10 | K1: P11 | L1: P12 | M1: P13 | N1: P14 | O1: P15 | P1: P16 | Q1: P17 | R1: P18 | S1: P19 | T1: P20 | U1: P21 | V1: P22 | W1: P23 | X1: P24 | Y1: P25 | Z1: Target 0 | AA1: Target 1 | AB1: HL | AC1: HL | AD1: HL | AE1: HL | AF1: HL | AG1: OR | AH1: OR | AI1: ERRORE | AK1: Errore TOT
A2: 0 | B2: 0 | C2: 1 | D2: 0 | E2: 0 | F2: 0 | G2: 1 | H2: 0 | I2: 1 | J2: 0 | K2: 0 | L2: 1 | M2: 0 | N2: 1 | O2: 0 | P2: 0 | Q2: 1 | R2: 0 | S2: 1 | T2: 0 | U2: 0 | V2: 0 | W2: 1 | X2: 0 | Y2: 0 | Z2: 1 | AA2: 0 | AB2: {=1 / (1 + EXP(-(MMULT(A2:Y2, TRANSPOSE(Pesi!A1:Y5)) + TRANSPOSE(Pesi!AA1:AA5))))} -> 1.051016e-06 | AC2: 0.99999783 | AD2: 2.6562847e-07 | AE2: 0.96274728 | AF2: 0.9999944 | AG2: {=1 / (1 + EXP(-(MMULT(AB2:AF2, TRANSPOSE(Pesi!A10:E11)) + TRANSPOSE(Pesi!AB10:AB11))))} -> 0.99998501 | AH2: 2.3333706e-06 | AI2: =(Z2-AG2)^2 + (AA2-AH2)^2 -> 2.3004869e-10 | AK2: =SUM(AI2:AI3) -> 3.5586145e-09
A3: 0 | B3: 0 | C3: 1 | D3: 0 | E3: 0 | F3: 0 | G3: 1 | H3: 1 | I3: 0 | J3: 0 | K3: 0 | L3: 0 | M3: 1 | N3: 0 | O3: 0 | P3: 0 | Q3: 0 | R3: 1 | S3: 0 | T3: 0 | U3: 0 | V3: 1 | W3: 1 | X3: 1 | Y3: 0 | Z3: 0 | AA3: 1 | AB3: {=1 / (1 + EXP(-(MMULT(A3:Y3, TRANSPOSE(Pesi!A1:Y5)) + TRANSPOSE(Pesi!AA1:AA5))))} -> 0.99999628 | AC3: 1.4034451e-08 | AD3: 0.99999868 | AE3: 0.0046882467 | AF3: 3.0603136e-06 | AG3: {=1 / (1 + EXP(-(MMULT(AB3:AF3, TRANSPOSE(Pesi!A10:E11)) + TRANSPOSE(Pesi!AB10:AB11))))} -> 9.4699225e-07 | AH3: 0.99994231 | AI3: =(Z3-AG3)^2 + (AA3-AH3)^2 -> 3.3285658e-09
